model,solvent,residue_number,close_binding_site,binding_site,within 1A of mg in 2.3_nohalf,within 1A of wat in 2.3_nohalf,exact binding spot of mg in 2.3_nohalf,exact binding spot of wat in 2.3_nohalf,atom binding of wat in 2.3_nohalf,atom binding of mg in 2.3_nohalf
2.2_nohalf,HOH,482,A-183:OP A-184:N7 A-184:OP,A-183:C3' A-183:C8 A-183:OP A-184:C5 A-184:C8 A-184:N7 A-184:OP,0,1,0,1,5,2
2.2_nohalf,HOH,483,A-97:O5' A-97:OP C-98:OP,A-97:C8 A-97:O5' A-97:OP C-98:C5 C-98:OP U-300:O2,0,1,0,1,7,1
2.2_nohalf,HOH,484,U-258:OP C-260:O2' U-305:O5',U-258:OP C-260:C2' C-260:O2 C-260:O2' C-260:O3' U-305:O5',0,1,0,0,3,1
2.2_nohalf,HOH,485,A-270:O4' A-304:N6,A-269:C1' A-269:N3 A-270:C8 A-270:O4' A-304:N6,0,1,0,1,1,0
2.2_nohalf,HOH,486,A-218:N6 G-254:O2' C-255:O4' U-273:O2' U-273:O3',A-218:N6 G-254:O2' C-255:N1 C-255:O4' U-273:O2' U-273:O3',0,1,0,1,2,0
2.2_nohalf,HOH,487,U-182:O3' A-183:OP G-188:OP,U-182:O3' A-183:OP A-186:C3' A-186:OP A-186:OP A-187:OP G-188:OP,0,1,0,1,8,3
2.2_nohalf,HOH,488,G-279:O6 G-280:N7 G-280:O6,G-279:O6 G-280:N7 G-280:O6,0,1,0,1,3,0
2.2_nohalf,HOH,489,A-105:O2' G-215:N2 U-258:O2 U-258:O2',A-105:O2' U-106:C4' U-106:O4' G-215:N2 C-216:O2 U-258:O2 U-258:O2',0,1,0,1,2,0
2.2_nohalf,HOH,490,C-255:N3 G-272:N2,A-104:N1 A-218:N1 C-255:N3 C-255:O2 G-272:N2,0,1,0,0,2,0
2.2_nohalf,HOH,491,G-108:N7 U-259:O2' U-259:O3',G-108:N7 U-259:C3' U-259:C4' U-259:O2' U-259:O3',0,1,0,0,2,0
2.2_nohalf,HOH,492,A-103:N7,C-102:C5 A-103:C8 A-103:N7 A-269:C2' A-269:C8 A-269:OP,0,1,0,1,3,0
2.2_nohalf,HOH,493,U-307:O4,A-306:C2 A-306:C4 A-306:N3 U-307:C4 U-307:O4,0,1,0,1,3,0
2.2_nohalf,HOH,494,,C-98:N4 U-300:C2 U-300:N3,0,1,0,0,1,0
2.2_nohalf,HOH,495,A-306:N3 A-308:N6,A-306:N3 A-308:N6 A-308:N7,0,1,0,1,1,0
2.2_nohalf,HOH,496,C-217:N4 C-255:OP G-257:O6,C-217:N4 C-255:OP G-257:C6 G-257:O6,0,1,0,1,5,1
2.2_nohalf,HOH,497,G-279:N7,C-278:C5 G-279:N7,0,1,0,1,1,0
2.2_nohalf,HOH,498,G-257:OP A-304:O2' A-304:O3',G-257:O3' G-257:OP U-258:OP A-304:O2' A-304:O3' U-305:OP,0,1,0,0,8,3
2.2_nohalf,HOH,499,A-256:N6 U-300:OP A-301:OP A-302:OP,A-256:N6 U-300:C3' U-300:OP U-300:P A-301:OP A-302:OP,0,0,0,0,7,2
2.2_nohalf,HOH,500,A-256:OP U-273:OP C-274:OP,C-255:C4' C-255:O3' A-256:OP U-273:OP C-274:OP C-274:OP C-274:P,0,1,0,1,9,3
2.2_nohalf,HOH,501,A-302:OP G-303:OP,A-256:C2 A-256:N1 A-302:OP G-303:OP,1,0,0,0,5,2
2.2_nohalf,HOH,502,A-104:N6 G-257:O2',A-104:N6 G-257:C4' G-257:O2' A-270:N6,0,0,0,0,2,0
2.2_nohalf,HOH,503,A-186:OP,U-185:C4' A-186:C5' A-186:OP,0,1,0,1,4,2
2.2_nohalf,HOH,504,C-166:OP G-188:O6,C-166:OP U-168:OP G-188:O6,0,1,0,1,6,2
2.2_nohalf,HOH,505,A-214:N7,C-213:C5 C-213:N4 A-214:N6 A-214:N7,0,1,0,1,1,0
2.2_nohalf,HOH,506,C-99:N4,C-99:C5 C-99:N4,0,1,0,0,2,0
2.2_nohalf,HOH,507,G-100:N7,C-99:N4 G-100:N7,0,1,0,1,2,0
2.2_nohalf,HOH,508,A-256:OP,A-256:OP,0,1,0,3,4,2
2.2_nohalf,HOH,509,U-271:O2 G-303:O5' G-303:OP,U-271:O2 G-303:C2' G-303:N3 G-303:O5' G-303:OP,0,1,0,1,5,0
2.2_nohalf,HOH,510,A-256:O3' U-305:OP,A-256:C1' A-256:O3' G-257:OP U-305:OP U-305:P,0,1,0,1,5,3
2.2_nohalf,HOH,511,A-103:N3 A-104:N7 A-269:N6,A-103:N3 A-104:N7 A-105:N6 A-269:N6,0,1,0,1,2,0
2.2_nohalf,HOH,512,G-281:N7,G-281:N7,0,1,0,1,1,0
2.2_nohalf,HOH,513,U-267:O4 A-306:N1,U-267:O4 A-306:C2 A-306:N1,0,1,0,1,1,0
2.2_nohalf,HOH,514,G-309:N2 A-342:N3 A-342:O2',G-309:N2 A-342:C2' A-342:N3 A-342:O2',0,1,0,1,1,0
2.2_nohalf,HOH,515,G-111:N7,G-110:C5 G-110:N7 G-111:N7,0,1,0,1,1,0
2.2_nohalf,HOH,516,U-259:N3 U-259:O2,U-259:C2 U-259:N3 U-259:O2,0,1,0,1,1,0
2.2_nohalf,HOH,517,G-58:N3 G-58:O2' G-96:N2 G-96:N3,G-58:C2 G-58:N2 G-58:N3 G-58:O2' U-59:O4' A-95:C2 G-96:N2 G-96:N3 G-96:O2' A-97:O4',0,0,0,0,0,0
2.2_nohalf,HOH,518,G-215:O6,G-215:O6 C-216:N4,0,1,0,1,2,0
2.2_nohalf,HOH,519,G-276:N7,G-275:C5 G-275:N7 G-276:C8 G-276:N7,0,0,0,0,2,0
2.2_nohalf,HOH,520,U-106:O2,U-106:O2,0,1,0,1,1,0
2.2_nohalf,HOH,521,A-219:N3 U-273:O2,A-219:N3 U-273:O2,0,1,0,1,1,0
2.2_nohalf,HOH,522,C-255:O2' G-257:OP,C-255:O2' A-256:C5' G-257:OP,0,1,0,1,3,2
2.2_nohalf,HOH,523,A-269:N6,A-268:N6 A-268:N7 A-269:N6,0,1,0,0,2,0
2.2_nohalf,HOH,524,U-168:OP C-170:OP A-171:N7,U-168:C5' U-168:OP C-170:OP A-171:C8 A-171:N7,0,1,0,1,6,1
2.2_nohalf,HOH,525,U-168:OP A-183:N6,U-168:OP A-183:N6,0,1,0,1,5,1
2.2_nohalf,HOH,526,A-139:N3 U-185:O2',A-139:C2 A-139:N3 A-139:O2' A-140:O4' U-185:O2' U-185:O3',0,1,0,0,2,0
2.2_nohalf,HOH,527,A-218:OP G-254:O6,A-218:OP G-254:O6,0,1,0,1,4,0
2.2_nohalf,HOH,528,A-184:N6,A-184:N6,0,0,0,0,2,0
2.2_nohalf,HOH,529,A-218:OP U-253:O4,A-218:OP U-253:O4,0,0,0,0,3,0
2.2_nohalf,HOH,530,G-100:O6 U-273:O4,G-100:O6 U-101:O4 U-273:O4,0,1,0,1,3,0
2.2_nohalf,HOH,531,U-258:OP A-304:N3,U-258:OP A-304:C2 A-304:N3,0,0,0,0,2,1
2.2_nohalf,HOH,532,U-273:OP,U-273:OP C-274:N4,0,1,1,1,3,2
2.2_nohalf,HOH,533,G-272:OP,G-272:OP,0,1,0,2,3,0
2.2_nohalf,HOH,534,A-304:N7,A-270:O4' U-271:C5 U-271:C6 U-271:N1 A-304:C5 A-304:N6 A-304:N7,0,0,0,0,1,0
2.2_nohalf,HOH,535,G-280:OP G-281:OP,G-280:O5' G-280:OP G-281:OP,0,1,0,1,3,1
2.2_nohalf,HOH,536,U-167:N3 A-171:N3 A-171:O2' A-173:N6 G-174:O6,U-167:N3 A-171:N3 A-171:O2' A-173:N6 G-174:O6,0,1,0,1,2,0
2.2_nohalf,HOH,537,U-167:O2 A-171:OP,U-167:O2 A-171:C8 A-171:OP,0,1,0,0,5,0
2.2_nohalf,HOH,538,,A-139:OP A-140:OP G-141:O6 G-163:N2,0,1,0,1,4,0
2.2_nohalf,HOH,539,U-271:O2 U-271:O2' G-272:O4' A-304:O2',U-271:O2 U-271:O2' G-272:O4' A-304:O2',0,1,0,1,3,0
2.2_nohalf,HOH,540,G-110:N7,G-110:N7,0,0,0,0,1,0
2.2_nohalf,HOH,541,G-215:O5' C-216:OP,G-215:O5' G-215:OP C-216:C5 C-216:OP,0,1,0,1,8,0
2.2_nohalf,HOH,542,U-300:OP,A-256:N6 U-300:OP U-300:OP,0,1,0,0,2,0
2.2_nohalf,HOH,543,A-183:O2' A-183:O3' G-188:OP,A-183:O2' A-183:O3' G-188:OP,1,0,0,0,3,1
2.2_nohalf,HOH,544,C-102:N4,U-101:C5 C-102:N4,0,1,0,1,1,0
2.2_nohalf,HOH,545,C-260:O2,C-260:O2 U-305:O5',0,1,0,1,2,0
2.2_nohalf,HOH,546,G-275:OP,C-274:C3' C-274:C6 G-275:C8 G-275:OP,0,0,0,1,2,1
2.2_nohalf,HOH,547,G-275:N7,C-274:N4 G-275:C8 G-275:N7,0,1,0,1,3,0
2.2_nohalf,HOH,548,C-217:OP G-254:O6,C-217:OP G-254:O6,0,1,0,1,5,0
2.2_nohalf,HOH,549,,A-299:C3' A-299:C5' A-299:C8 U-300:OP,0,1,0,0,2,0
2.2_nohalf,HOH,550,G-303:O2' G-303:O3',G-303:O2' G-303:O3' A-304:OP,0,1,0,1,3,1
2.2_nohalf,HOH,551,U-277:OP C-278:OP,U-277:C6 U-277:O5' U-277:OP C-278:OP,0,1,0,2,3,0
2.2_nohalf,HOH,552,A-103:OP A-218:O2' A-218:O3',A-103:OP A-218:O2' A-218:O3',0,1,0,1,6,1
2.2_nohalf,HOH,553,,U-167:O3',0,1,0,0,2,0
2.2_nohalf,HOH,554,G-110:N2 U-168:O2 A-183:N1,G-110:N2 U-168:O2 A-183:C2 A-183:N1,0,1,0,1,3,0
2.2_nohalf,HOH,555,C-98:O2 U-277:O2,C-60:C5' C-60:OP C-98:O2 U-277:O2,0,1,0,0,5,0
2.2_nohalf,HOH,556,G-309:OP,A-308:C3' A-308:O5' A-308:OP G-309:C8 G-309:O5' G-309:OP G-309:P,0,1,0,1,4,1
2.2_nohalf,HOH,557,A-261:OP G-264:OP,C-260:C5' A-261:C5' A-261:OP G-264:OP,1,0,0,0,2,1
2.2_nohalf,HOH,558,G-254:O2' C-274:OP,G-254:O2' C-274:OP,0,1,0,1,6,0
2.2_nohalf,HOH,559,C-166:N4 U-167:O2 A-171:O2',C-166:C5 C-166:N4 U-167:O2 A-171:O2',0,1,0,1,2,0
2.2_nohalf,HOH,560,G-257:O3',G-257:C4' G-257:O3' A-270:N6,0,1,0,1,3,0
2.2_nohalf,HOH,561,C-165:O2' C-165:O3',C-165:O2' C-165:O3' U-182:OP,0,1,0,1,3,0
2.2_nohalf,HOH,562,A-301:OP,A-97:OP A-301:OP,0,1,0,2,6,2
2.2_nohalf,HOH,563,A-219:OP G-220:N7,A-219:OP G-220:N7,0,1,0,1,4,0
2.2_nohalf,HOH,564,A-187:N1,U-182:C5 A-187:C2 A-187:N1,0,1,0,1,2,0
2.2_nohalf,HOH,565,U-106:N3,U-106:C2 U-106:N3 A-265:OP A-306:N6,0,1,0,1,2,0
2.2_nohalf,HOH,566,A-94:OP A-95:OP,A-94:OP A-95:OP,0,1,0,1,7,0
2.2_nohalf,HOH,567,G-164:N7 U-177:O2',G-164:C5 G-164:N7 U-177:O2' G-180:N3,1,0,0,0,0,1
2.2_nohalf,HOH,568,A-105:OP U-106:OP,A-105:C5' A-105:O5' A-105:OP U-106:OP,1,0,0,0,4,2
2.2_nohalf,HOH,569,,C-216:C5 C-216:N4 C-217:C5 C-217:N4,0,0,0,0,3,0
2.2_nohalf,HOH,570,G-280:OP,G-279:N7 G-280:N7 G-280:OP,0,0,0,1,5,1
2.2_nohalf,HOH,571,A-252:N3,C-222:O2 A-252:N3,0,1,0,1,1,0
2.2_nohalf,HOH,572,A-171:N6,U-167:C5' A-171:N6,0,1,0,1,1,0
2.2_nohalf,HOH,573,A-252:N6 A-252:N7,G-251:N7 A-252:N6 A-252:N7,0,1,0,0,2,0
2.2_nohalf,HOH,574,G-276:OP,G-275:C5' G-275:C8 G-276:OP,0,1,0,1,3,0
2.2_nohalf,HOH,575,A-103:O2' A-103:O3' A-104:OP,A-103:O2' A-103:O3' A-104:OP A-104:P,1,0,0,0,5,1
2.2_nohalf,HOH,576,G-108:N3 U-185:OP,G-108:N3 U-185:OP U-185:OP,0,1,0,1,1,1
2.2_nohalf,HOH,577,U-101:O5' U-101:OP C-102:OP,U-101:C3' U-101:C6 U-101:O5' U-101:OP C-102:C5 C-102:OP,0,1,0,1,6,0
2.2_nohalf,HOH,578,G-276:O5',G-276:C8 G-276:O5' G-276:OP U-277:C5 U-277:OP,0,1,0,1,5,0
2.2_nohalf,HOH,579,C-102:OP,C-102:O5' C-102:OP A-103:OP,0,1,0,1,7,1
2.2_nohalf,HOH,580,C-165:OP,C-165:OP,0,0,0,1,3,0
2.2_nohalf,HOH,581,G-176:O2' G-180:O2',C-165:O2 G-176:N3 G-176:O2' G-180:O2',0,1,0,0,1,0
2.2_nohalf,HOH,582,U-305:OP,G-257:OP U-305:OP,0,1,0,1,5,3
2.2_nohalf,HOH,583,U-162:O5' G-163:N7 G-163:OP,U-162:O5' U-162:OP G-163:C8 G-163:N7 G-163:OP,0,0,0,0,1,0
2.2_nohalf,HOH,584,A-139:N1,A-139:N1 G-164:C4' G-164:O3',0,1,0,1,2,0
2.2_nohalf,HOH,585,U-162:O4 G-163:O6,U-162:O4 G-163:O6,0,0,0,0,1,0
2.2_nohalf,HOH,586,G-96:O5',A-31:O2' A-95:O5' G-96:O5',0,1,0,0,2,0
2.2_nohalf,HOH,587,G-220:O2' C-274:O3',G-220:C2' G-220:O2' U-221:O4' C-274:O3',0,1,0,1,2,0
2.2_nohalf,HOH,588,C-260:OP,U-259:O3' C-260:OP C-260:P,0,1,0,2,4,1
2.2_nohalf,HOH,589,C-98:OP,A-97:OP C-98:OP,0,1,0,3,7,1
2.2_nohalf,HOH,590,G-281:O6 U-297:O4,G-280:O6 G-281:O6 U-297:O4,0,1,0,1,3,0
2.2_nohalf,HOH,591,C-137:O2' A-186:O3',C-137:O2' A-186:O3' A-187:OP,0,0,0,0,2,2
2.2_nohalf,HOH,592,G-215:N2,U-107:O4' G-215:N2,0,1,0,1,3,0
2.2_nohalf,HOH,593,C-166:OP,C-166:OP,0,1,0,1,3,0
2.2_nohalf,HOH,594,G-111:OP,G-110:C3' G-110:C8 G-110:O5' G-111:OP,0,1,0,2,3,0
2.2_nohalf,HOH,595,C-60:O2 C-60:O2',C-60:C2' C-60:O2 C-60:O2' U-61:O4',0,1,0,1,2,0
2.2_nohalf,HOH,596,U-106:OP,A-105:O3' U-106:OP U-106:P C-216:O2',0,1,1,0,2,2
2.2_nohalf,HOH,597,C-222:N4,C-222:N4,0,1,0,1,1,0
2.2_nohalf,HOH,598,G-163:OP G-164:N7 U-177:O2,G-163:C8 G-163:N7 G-163:OP G-164:C5 G-164:N7 U-177:O2 U-177:O2',0,0,0,0,1,1
2.2_nohalf,HOH,599,U-182:OP,U-182:C6 U-182:OP G-188:C8,0,0,0,0,2,0
2.2_nohalf,HOH,600,U-307:OP,U-307:OP,0,1,0,1,1,1
2.2_nohalf,HOH,601,A-304:OP U-305:OP,A-304:OP U-305:OP,0,1,0,1,5,2
2.2_nohalf,HOH,602,C-98:OP,C-98:O5' C-98:OP C-98:P,0,1,0,3,6,0
2.2_nohalf,HOH,603,G-212:O2',A-184:N6 G-212:O2',0,1,0,1,3,0
2.2_nohalf,HOH,604,U-168:O4' A-183:N6,U-168:O4' A-183:N6 G-212:O2',0,1,0,1,3,0
2.2_nohalf,HOH,605,G-264:O2',A-263:N1 G-264:C2' G-264:N3 G-264:O2' A-265:O4',0,1,0,2,4,0
2.2_nohalf,HOH,606,G-92:N2 C-98:OP,G-92:N2 G-92:N3 C-98:OP,0,1,0,1,6,0
2.2_nohalf,HOH,607,G-220:O2' G-220:O3' C-274:O2',G-220:C4' G-220:O2' G-220:O3' C-274:O2' G-275:O5',0,1,0,1,3,0
2.2_nohalf,HOH,608,C-274:OP,C-274:C5' C-274:O5' C-274:OP,0,1,0,1,5,0
2.2_nohalf,HOH,609,A-256:OP,A-256:OP A-256:P,0,1,0,3,4,2
2.2_nohalf,HOH,610,U-168:O2',U-168:C2 U-168:N1 U-168:O2',0,1,0,1,1,0
2.2_nohalf,HOH,611,G-303:N7,A-302:N6 G-303:N7 G-303:O6,0,1,0,1,2,0
2.2_nohalf,HOH,612,U-107:OP A-265:OP,U-107:OP A-265:OP,0,1,0,0,2,1
2.2_nohalf,HOH,613,U-101:O4 A-270:OP,U-101:O4 A-270:OP,0,1,0,1,3,0
2.2_nohalf,HOH,614,C-216:N4,C-216:C4 C-216:C5 C-216:N4,0,1,0,1,2,0
2.2_nohalf,HOH,615,C-298:N4,U-297:C4 U-297:C5 U-297:O4 C-298:C5 C-298:N4,0,1,0,0,3,0
2.2_nohalf,HOH,616,C-278:N4,C-278:N4,0,0,0,0,0,0
2.2_nohalf,HOH,617,A-218:OP A-219:OP,A-218:OP A-218:P A-219:OP,0,1,0,1,6,0
2.2_nohalf,HOH,618,C-99:O2,C-99:O2 G-275:N2 G-276:N3,0,1,0,1,2,0
2.2_nohalf,HOH,619,U-267:OP,U-267:OP A-268:OP,0,1,0,3,6,0
2.2_nohalf,HOH,620,G-272:OP,G-272:OP U-300:O2',0,1,0,2,3,0
2.2_nohalf,HOH,621,G-188:OP,A-187:O2' A-187:O3' G-188:O5' G-188:OP,0,1,0,2,3,1
2.2_nohalf,HOH,622,U-267:O2,U-267:O2 G-309:N3,0,0,0,0,0,0
2.2_nohalf,HOH,623,C-170:N4,G-169:N7 C-170:N4 A-171:N6,0,0,0,0,1,0
2.2_nohalf,HOH,624,,G-119:N2 A-125:N1 A-324:N1,0,1,0,0,1,0
2.2_nohalf,HOH,625,A-270:O2',A-270:O2' U-271:OP,0,1,0,0,2,1
2.2_nohalf,HOH,626,,C-260:OP,0,0,0,2,3,1
2.2_nohalf,HOH,627,A-140:O2',A-140:O2' A-214:C5' A-214:OP,0,1,0,1,5,0
2.2_nohalf,HOH,628,A-187:OP A-187:OP,A-187:OP A-187:OP,0,1,0,0,2,2
2.2_nohalf,HOH,629,A-269:N1,A-269:C2 A-269:N1 A-304:C2,0,1,0,1,1,0
2.2_nohalf,HOH,630,G-111:O3' U-168:O4,G-111:O3' U-168:C4 U-168:O4 G-188:N2,0,0,0,0,1,0
2.2_nohalf,HOH,631,G-279:O2' G-279:O3',G-58:C4' G-58:C5' A-95:N6 G-279:O2' G-279:O3' G-280:C5',0,1,0,1,2,0
2.2_nohalf,HOH,632,C-165:OP,C-165:OP,0,1,0,1,3,0
2.2_nohalf,HOH,633,A-301:OP,U-271:C5' A-301:OP,0,1,0,2,5,1
2.2_nohalf,HOH,634,G-257:N7,G-257:N7,0,1,0,1,1,0
2.2_nohalf,HOH,635,U-310:O4,G-309:N7 U-310:C4 U-310:C5 U-310:O4,0,0,0,0,0,0
2.2_nohalf,HOH,636,U-107:O2 G-215:O2',U-107:O2 G-215:N3 G-215:O2',0,1,0,0,2,1
2.2_nohalf,HOH,637,C-98:OP,C-98:OP,0,0,0,3,6,0
2.2_nohalf,HOH,638,U-305:O2,U-305:O2,0,0,0,0,1,0
2.2_nohalf,HOH,639,G-111:OP,G-111:OP G-188:N2,0,1,0,2,4,0
2.2_nohalf,HOH,640,C-278:O2',C-278:O2',0,0,0,0,1,0
2.2_nohalf,HOH,641,A-140:N3,A-139:C2 A-140:N3,0,0,0,0,2,0
2.2_nohalf,HOH,642,U-305:N3,U-305:N3 U-305:O2,0,1,0,1,2,0
2.2_nohalf,HOH,643,,A-140:N1 G-164:C5',0,1,0,1,1,0
2.2_nohalf,HOH,644,C-60:O3' C-98:O2' C-98:O3',C-60:O3' U-61:C5' U-61:OP C-98:O2' C-98:O3' C-99:C5',0,1,0,0,4,0
2.2_nohalf,HOH,645,C-48:N4,C-48:C4 C-48:C5 C-48:N4,0,1,0,1,1,0
2.2_nohalf,HOH,646,A-152:OP,G-150:N7 A-152:OP,0,1,0,0,2,0
2.2_nohalf,HOH,647,G-254:N7,U-253:C6 G-254:C8 G-254:N7 G-254:OP,0,0,0,0,2,0
2.2_nohalf,HOH,648,A-256:OP,A-256:OP,0,1,0,3,4,2
2.2_nohalf,HOH,649,G-220:N2 U-253:O2',G-220:N2 U-221:O2 U-253:O2 U-253:O2',0,1,0,1,1,0
2.2_nohalf,HOH,650,A-265:O2' A-265:O3',A-265:O2' A-265:O3',0,1,0,1,3,0
2.2_nohalf,HOH,651,,U-56:C4' U-56:O3' G-280:C5',0,0,0,0,0,0
2.2_nohalf,HOH,652,,U-168:C1' U-168:O2 U-168:O3',0,1,0,0,3,0
2.2_nohalf,HOH,653,G-111:OP,G-111:C5' G-111:O3' G-111:OP G-188:N2,0,0,0,2,4,0
2.2_nohalf,HOH,654,C-274:O2',C-274:O2 C-274:O2',0,0,0,0,1,0
2.2_nohalf,HOH,655,A-171:OP,A-171:OP,0,0,0,2,4,0
2.2_nohalf,HOH,656,A-46:N7,C-45:C5 C-45:OP A-46:N6 A-46:N7,0,1,0,0,1,0
2.2_nohalf,HOH,657,G-281:O5' G-281:OP G-282:OP,G-281:O5' G-281:OP G-282:OP,0,1,0,1,3,0
2.2_nohalf,HOH,658,A-268:N3 A-268:O2',A-268:N3 A-268:O2',0,1,0,1,2,0
2.2_nohalf,HOH,659,,G-279:OP,0,1,0,1,2,0
2.2_nohalf,HOH,660,C-166:OP U-182:OP,C-166:OP U-182:OP,0,0,0,0,5,0
2.2_nohalf,HOH,661,A-256:N3 G-303:OP,A-256:N3 G-303:OP,0,1,0,0,4,0
2.2_nohalf,HOH,662,,A-42:O2',0,0,0,0,0,0
2.2_nohalf,HOH,663,G-254:OP,G-254:OP,0,1,0,1,2,0
2.2_nohalf,HOH,664,U-56:OP,C-55:C6 C-55:OP U-56:C5 U-56:OP,0,0,0,0,0,0
2.2_nohalf,HOH,665,G-220:O5' G-220:OP U-221:OP,G-220:O5' G-220:OP U-221:C5 U-221:OP,0,1,0,1,2,2
2.2_nohalf,HOH,666,C-260:N3,C-260:N3,0,0,0,0,0,0
2.2_nohalf,HOH,667,C-211:O2 C-211:O2',C-211:C2' C-211:O2 C-211:O2',0,0,0,0,0,0
2.2_nohalf,HOH,668,U-101:OP C-102:OP,U-101:OP C-102:OP,0,1,0,1,5,0
2.2_nohalf,HOH,669,U-310:OP C-311:OP,U-310:O5' U-310:OP U-310:P C-311:OP,0,1,0,1,4,0
2.2_nohalf,HOH,670,,A-103:OP,0,1,1,0,5,1
2.2_nohalf,HOH,671,U-107:OP,U-107:OP,0,0,0,0,0,1
2.2_nohalf,HOH,672,A-94:N7,A-94:N7,0,1,0,1,1,0
2.2_nohalf,HOH,673,A-270:O5',A-270:C3' A-270:O5' A-270:OP,0,1,0,1,2,0
2.2_nohalf,HOH,674,U-258:O4 U-259:O4,U-258:O4 U-259:O4,0,0,0,0,2,0
2.2_nohalf,HOH,675,G-282:N3,G-282:N3,0,1,0,0,1,0
2.2_nohalf,HOH,676,C-204:O5' C-204:OP U-205:OP A-206:N6,C-204:O5' C-204:OP U-205:C5 U-205:OP A-206:N6,0,1,0,0,4,0
2.2_nohalf,HOH,677,U-101:OP,U-101:OP,0,1,0,1,3,0
2.2_nohalf,HOH,678,C-311:OP,C-311:C6 C-311:OP,0,1,0,1,3,0
2.2_nohalf,HOH,679,C-216:OP,C-216:C5' C-216:O5' C-216:OP C-217:OP,0,1,0,2,7,0
2.2_nohalf,HOH,680,G-360:OP,A-265:O4' G-360:OP,0,1,0,3,4,0
2.2_nohalf,HOH,681,A-31:O2' A-31:O3' A-301:O4',A-31:O2' A-31:O3' A-301:O4',0,1,0,1,2,0
2.2_nohalf,HOH,682,G-188:OP,A-184:C5' A-184:OP G-188:OP,0,1,0,2,4,2
2.2_nohalf,HOH,683,,G-309:C8 U-310:OP,0,1,0,0,3,0
2.2_nohalf,HOH,684,G-110:OP,G-110:OP,0,1,0,2,3,0
2.2_nohalf,HOH,685,U-34:OP C-298:O2',U-34:OP C-298:O2',0,1,0,1,3,0
2.2_nohalf,HOH,686,G-32:OP U-33:OP,G-32:OP U-33:OP,0,1,0,1,2,0
2.2_nohalf,HOH,687,G-176:N7,G-176:N7 G-176:O6,0,0,0,0,0,0
2.2_nohalf,HOH,688,C-45:O2,C-45:O2 C-45:O2' C-170:O2,0,1,0,0,2,0
2.2_nohalf,HOH,689,,G-100:N2 U-101:O4',0,1,0,0,1,0
2.2_nohalf,HOH,690,C-211:O5',C-211:C5' C-211:C6 C-211:O5',0,1,0,1,2,0
2.2_nohalf,HOH,691,A-31:O4' A-95:OP,A-31:O4' A-95:OP,0,1,0,1,3,0
2.2_nohalf,HOH,692,A-299:N7,A-299:N7,0,0,0,0,0,0
2.2_nohalf,HOH,693,G-276:N2,G-276:N2,0,1,0,1,1,0
2.2_nohalf,HOH,694,,G-264:O5',0,0,0,0,0,0
2.2_nohalf,HOH,695,C-60:OP,C-60:OP,0,1,0,3,5,0
2.2_nohalf,HOH,696,A-268:OP,A-104:OP A-268:OP,0,0,0,1,7,1
2.2_nohalf,HOH,697,,G-251:C5' G-251:C8 A-252:OP,0,0,0,0,3,0
2.2_nohalf,HOH,698,A-252:OP,G-251:O3' A-252:OP,0,1,0,2,3,0
2.2_nohalf,HOH,699,A-151:O2' A-152:O4' A-226:OP,A-151:C2' A-151:O2' A-152:C1' A-152:C4' A-152:O4' A-225:C5' A-226:OP,0,0,0,0,2,0
2.2_nohalf,HOH,700,U-167:OP,U-167:C5' U-167:OP,0,0,0,0,1,0
2.2_nohalf,HOH,701,A-359:OP G-360:N7,A-359:OP G-360:N7,0,0,0,0,3,0
2.2_nohalf,HOH,702,,C-189:OP U-190:C5 U-190:OP,0,1,0,0,3,0
2.2_nohalf,HOH,703,,A-31:C4' A-301:O4',0,1,0,0,2,0
2.2_nohalf,HOH,704,,C-274:OP,0,1,0,1,5,0
2.2_nohalf,HOH,705,C-255:OP,C-255:O5' C-255:OP,0,1,1,0,4,1
2.2_nohalf,HOH,706,G-264:O2' G-264:O3',G-264:O2' G-264:O3',0,1,0,1,3,0
2.2_nohalf,HOH,707,A-252:OP U-253:OP,A-252:O5' A-252:OP U-253:OP,0,1,0,1,5,0
2.2_nohalf,HOH,708,C-204:O2 C-204:O2',C-204:O2 C-204:O2' G-327:C4',0,1,0,1,1,0
2.2_nohalf,HOH,709,C-138:N4,C-137:N4 C-138:N4,0,0,0,0,0,0
2.2_nohalf,HOH,710,G-312:N7 G-312:OP,C-311:C5 C-311:C6 G-312:C8 G-312:N7 G-312:OP,0,0,0,0,1,0
2.2_nohalf,HOH,711,A-210:O2' A-210:O3',A-210:C1' A-210:C2' A-210:O2' A-210:O3' C-211:O3' G-212:OP,0,0,0,0,2,0
2.2_nohalf,HOH,712,,G-282:O5' G-282:OP A-283:OP,0,1,0,0,3,0
2.2_nohalf,HOH,713,A-218:OP,A-218:OP,0,1,0,1,3,0
2.2_nohalf,HOH,714,C-260:OP,C-260:OP C-260:OP,0,1,0,2,3,1
2.2_nohalf,HOH,715,C-99:OP,C-99:OP G-100:OP,0,1,0,1,3,0
2.2_nohalf,HOH,716,,U-295:C5 C-296:N4,0,0,0,0,0,0
2.2_nohalf,HOH,717,U-34:O2,U-34:O2 G-54:N3,0,0,0,0,0,0
2.2_nohalf,HOH,718,G-275:O5' G-275:OP,U-221:C5' G-275:O5' G-275:OP,0,1,0,1,2,1
2.2_nohalf,HOH,719,G-312:O2',G-312:O2' G-360:O3',0,0,0,1,1,0
2.2_nohalf,HOH,720,A-140:N3 A-140:O2',A-140:N3 A-140:O2' G-141:O4',0,1,0,0,4,0
2.2_nohalf,HOH,721,C-170:OP,G-169:O3' C-170:OP G-212:O3',0,1,0,0,3,0
2.2_nohalf,HOH,722,C-138:OP,C-138:C5' C-138:OP A-139:C5' A-139:OP,0,1,0,2,5,0
2.2_nohalf,HOH,723,,G-181:C8 U-182:C5 U-182:OP,0,1,0,0,3,0
2.2_nohalf,HOH,724,G-27:N7 A-57:OP,G-27:C5 G-27:N7 G-27:O6 A-57:O5' A-57:OP,0,0,0,0,2,0
2.2_nohalf,HOH,725,A-324:N6,G-126:C4' G-126:O2' C-203:C4' A-324:N6,0,0,0,0,0,0
2.2_nohalf,HOH,726,A-38:N7,C-37:C4 C-37:C5 A-38:N7,0,0,0,0,0,0
2.2_nohalf,HOH,727,A-225:N7,A-225:N7,0,1,0,1,1,0
2.2_nohalf,HOH,728,U-307:O2',U-307:O2 U-307:O2',0,0,0,0,2,0
2.2_nohalf,HOH,729,A-104:OP,A-103:C5' A-104:C5' A-104:OP,0,1,1,2,5,1
2.2_nohalf,HOH,730,A-265:OP,A-265:OP,0,0,0,1,2,0
2.2_nohalf,HOH,731,U-190:O4,U-190:O4,0,0,0,0,0,0
2.2_nohalf,HOH,732,C-266:OP,C-266:C5' C-266:O5' C-266:OP,0,1,0,2,4,0
2.2_nohalf,HOH,733,G-110:O6 G-111:O6,G-110:O6 G-111:O6,0,0,0,0,0,0
2.2_nohalf,HOH,734,,G-264:N2 G-360:C5',0,0,0,0,1,0
2.2_nohalf,HOH,735,,A-24:C2 C-93:N4,0,1,0,0,1,0
2.2_nohalf,HOH,736,A-104:OP A-105:OP,A-104:O5' A-104:OP A-105:OP,0,1,0,0,7,1
2.2_nohalf,HOH,737,U-34:O4,U-33:C4 U-33:O4 U-34:O4,0,1,0,0,2,0
2.2_nohalf,HOH,738,,G-275:N2,0,1,0,1,2,0
2.2_nohalf,HOH,739,G-313:N7,G-313:N7 G-313:OP,0,1,0,1,1,0
2.2_nohalf,HOH,740,,G-27:O3' A-94:OP,0,0,0,0,5,0
2.2_nohalf,HOH,741,A-219:OP,A-219:OP,0,0,0,0,4,0
2.2_nohalf,HOH,742,G-169:O2',G-169:C2' G-169:N3 G-169:O2',0,0,0,0,1,0
2.2_nohalf,HOH,743,G-215:OP C-216:OP,G-215:C5' G-215:OP C-216:OP,0,1,0,1,8,0
2.2_nohalf,HOH,744,U-205:O4,C-204:C5 U-205:O4,0,1,0,1,2,0
2.2_nohalf,HOH,745,A-136:OP,A-136:OP C-137:C5 C-137:OP,0,0,0,0,0,0
2.2_nohalf,HOH,746,G-251:OP,G-250:OP G-251:C8 G-251:OP,1,0,0,0,0,1
2.2_nohalf,HOH,747,U-221:OP C-222:OP,U-221:O5' U-221:OP C-222:C5 C-222:OP,0,0,0,0,2,0
2.2_nohalf,HOH,748,A-219:O2' A-219:O3',C-102:C5' A-219:O2' A-219:O3',0,1,0,1,1,0
2.2_nohalf,HOH,749,,G-188:C1' G-188:C2' G-188:C4 G-188:N3 G-188:N9 G-188:O2',0,0,0,0,0,0
2.2_nohalf,HOH,750,G-54:OP,A-53:C8 G-54:OP,0,0,0,0,0,0
2.2_nohalf,HOH,751,A-178:OP,A-178:OP,0,1,0,1,1,0
2.2_nohalf,HOH,752,C-211:OP,C-211:OP,0,0,0,0,1,0
2.2_nohalf,HOH,753,C-109:O5',C-109:O3' C-109:O5' G-110:OP,0,0,0,0,4,0
2.2_nohalf,HOH,754,,U-271:OP U-271:OP,0,0,1,1,2,1
2.2_nohalf,HOH,755,A-104:OP,A-104:OP U-267:OP,0,1,1,2,8,1
2.2_nohalf,HOH,756,U-34:O2' G-282:O2' G-282:O3',U-34:O2' U-34:O3' G-282:O2' G-282:O3' A-283:C5',0,1,0,1,1,0
2.2_nohalf,HOH,757,G-341:O6 G-357:N7,G-341:O6 G-357:C8 G-357:N7,0,1,0,0,1,0
2.2_nohalf,HOH,758,A-94:OP,C-93:C5' A-94:OP,0,1,0,1,5,0
2.2_nohalf,HOH,759,U-297:OP,U-297:C5 U-297:OP,0,1,0,1,2,0
2.2_nohalf,HOH,760,G-327:N7,G-327:N7,0,1,0,1,1,0
2.2_nohalf,HOH,761,C-361:OP C-362:OP,C-361:OP C-362:OP,0,0,0,0,3,0
2.2_nohalf,HOH,762,,A-171:O2' A-171:O3' A-172:OP G-174:O6,0,0,0,0,4,0
2.2_nohalf,HOH,763,U-403:OP,G-331:C5 G-331:N7 U-403:OP,0,1,0,1,2,0
2.2_nohalf,HOH,764,G-220:OP,G-220:OP,1,0,0,0,2,2
2.2_nohalf,HOH,765,C-208:OP,C-208:OP,0,1,0,1,1,0
2.2_nohalf,HOH,766,,A-219:C5' G-220:OP,0,1,0,0,2,2
2.2_nohalf,HOH,767,,A-261:O2',0,0,0,0,0,0
2.2_nohalf,HOH,768,A-114:OP,A-113:C3' A-113:C8 A-113:O5' A-114:OP A-206:N1,0,1,0,0,2,0
2.2_nohalf,HOH,769,U-340:O2 A-359:N6,U-340:O2 G-341:O4' A-359:N6,0,0,0,0,1,0
2.2_nohalf,HOH,770,C-213:OP,C-213:OP,0,0,0,4,5,0
2.2_nohalf,HOH,771,U-253:OP,A-252:OP U-253:C5 U-253:OP,0,1,0,1,5,0
2.2_nohalf,HOH,772,A-35:OP,U-34:OP A-35:OP,0,0,0,0,3,0
2.2_nohalf,HOH,773,C-170:OP,C-170:C5' C-170:OP A-171:OP,0,1,0,0,5,0
2.2_nohalf,HOH,774,A-248:O2' G-251:N7,A-248:O2' G-250:N7 G-251:N7,0,1,0,1,3,0
2.2_nohalf,HOH,775,A-207:OP,A-207:OP C-208:C5 U-305:O2,0,1,0,2,2,0
2.2_nohalf,HOH,776,G-309:O2' A-342:O3' A-343:OP,G-309:O2' G-309:O3' U-310:C5' A-342:O3' A-343:OP,0,0,0,0,2,0
2.2_nohalf,HOH,777,G-215:O2' G-215:O3',G-215:O2' G-215:O3',1,0,0,0,1,1
2.2_nohalf,HOH,778,C-209:OP,C-209:OP U-305:C2' U-305:C6,0,1,0,1,3,0
2.2_nohalf,HOH,779,G-150:N7,G-150:N7 G-150:O6,0,0,0,0,3,0
2.2_nohalf,HOH,780,G-112:N3,G-112:N3 G-112:O2' C-209:O2,0,1,0,1,1,0
2.2_nohalf,HOH,781,A-359:OP,G-358:O5' G-358:OP A-359:OP,0,1,0,1,3,1
2.2_nohalf,HOH,782,A-103:OP,A-103:OP,0,0,1,0,5,1
2.2_nohalf,HOH,783,A-31:OP G-32:OP,A-31:OP G-32:OP,0,0,0,1,2,0
2.2_nohalf,HOH,784,G-92:O5' G-92:OP C-93:OP,G-92:O5' G-92:OP G-92:P C-93:C5 C-93:OP,0,1,0,1,2,0
2.2_nohalf,HOH,785,A-171:OP,A-171:OP,0,1,0,2,4,0
2.2_nohalf,HOH,786,C-266:OP,U-106:O4 C-266:OP,0,1,0,2,5,0
2.2_nohalf,HOH,787,A-105:N6,A-105:N6 A-105:N7 U-106:N3 U-106:O4,0,0,0,0,5,0
2.2_nohalf,HOH,788,A-252:O2',C-154:C5' C-154:O3' A-252:C4' A-252:O2',0,1,0,1,2,0
2.2_nohalf,HOH,789,G-215:OP,G-215:OP,0,1,0,1,6,0
2.2_nohalf,HOH,790,U-61:OP,C-60:C5 C-60:C6 U-61:C5 U-61:OP,0,1,0,1,3,0
2.2_nohalf,HOH,791,A-301:N3,A-301:N3 A-301:O2' A-302:O4',0,0,0,0,0,0
2.2_nohalf,HOH,792,G-195:N2,G-195:N2,0,0,0,0,0,0
2.2_nohalf,HOH,793,,U-297:O2',0,0,0,0,1,0
2.2_nohalf,HOH,794,U-61:OP,U-61:OP,0,0,0,1,3,0
2.2_nohalf,HOH,795,G-129:N7,C-128:C5 G-129:N7,0,0,0,0,0,0
2.2_nohalf,HOH,796,G-212:OP,G-212:OP C-260:N4,0,0,0,0,2,0
2.2_nohalf,HOH,797,C-47:O3' A-210:O4',C-47:O3' A-210:O4',0,1,0,1,1,0
2.2_nohalf,HOH,798,U-205:OP A-206:OP,U-205:OP U-205:P A-206:OP,0,1,0,1,3,0
2.2_nohalf,HOH,799,G-275:O3',G-275:O3',0,0,0,0,0,0
2.2_nohalf,HOH,800,U-277:O2',U-277:C1' U-277:O2',0,0,0,0,1,0
2.2_nohalf,HOH,801,C-204:OP U-205:OP,C-204:OP U-205:OP,0,0,0,0,4,0
2.2_nohalf,HOH,802,,U-155:OP U-155:OP,0,0,0,0,0,0
2.2_nohalf,HOH,803,A-270:OP,A-270:OP,0,0,0,0,2,0
2.2_nohalf,HOH,804,U-167:O4 G-174:N2,U-167:O4 G-174:N2,0,1,0,1,2,0
2.2_nohalf,HOH,805,G-164:OP,G-164:OP,0,0,0,0,0,1
2.2_nohalf,HOH,806,G-148:O6 U-155:O4,G-148:O6 U-155:O4,0,0,0,0,0,0
2.2_nohalf,HOH,807,G-313:N2,G-313:N1 G-313:N2,0,0,0,0,0,0
2.2_nohalf,HOH,808,A-301:O2' A-301:O3',A-301:O2' A-301:O3',0,0,0,0,1,0
2.2_nohalf,HOH,809,A-263:N3 G-264:O2',A-263:N3 G-264:O2',0,1,0,1,3,0
2.2_nohalf,HOH,810,G-111:OP G-112:OP,G-111:OP G-112:OP,1,0,0,1,3,1
2.2_nohalf,HOH,811,A-265:O3',A-265:O3',0,0,0,0,2,0
2.2_nohalf,HOH,812,G-150:O4',G-150:C1' G-150:C4' G-150:O4' A-153:N6,0,1,0,0,1,0
2.2_nohalf,HOH,813,,U-101:OP,0,0,0,1,3,0
2.2_nohalf,HOH,814,,U-277:OP,0,0,0,0,3,0
2.2_nohalf,HOH,815,U-224:OP,C-223:OP U-224:OP,0,0,0,0,0,0
2.2_nohalf,HOH,816,G-149:O6 G-150:O6,G-149:O6 G-150:O6,0,1,0,1,1,0
2.2_nohalf,HOH,817,U-267:OP,U-267:C5' U-267:OP G-358:O2',0,1,0,3,5,0
2.2_nohalf,HOH,818,G-276:OP,G-276:OP G-276:OP,0,1,0,1,3,0
2.2_nohalf,HOH,819,A-269:OP,A-269:OP,0,0,0,1,1,0
2.2_nohalf,HOH,820,U-59:OP,U-59:OP G-279:C5',0,0,0,1,1,0
2.2_nohalf,HOH,821,G-150:N1 A-153:OP,G-150:C2 G-150:C6 G-150:N1 G-150:N2 G-150:O6 A-153:OP,0,0,0,0,2,0
2.2_nohalf,HOH,822,A-57:OP,A-57:OP,0,1,0,1,2,0
2.2_nohalf,HOH,823,U-323:O2',U-323:O2',0,0,0,0,0,0
2.2_nohalf,HOH,824,A-265:OP,A-265:C5' A-265:OP C-266:OP,0,0,0,1,6,0
2.2_nohalf,HOH,825,,C-298:C5' A-299:OP,0,0,0,0,1,2
2.2_nohalf,HOH,826,,G-220:O3',0,0,0,0,1,0
2.2_nohalf,HOH,827,G-220:OP,G-220:OP U-221:OP,0,0,0,0,2,2
2.2_nohalf,HOH,828,U-297:O4,U-297:O4,0,0,0,0,2,0
2.2_nohalf,HOH,829,,U-253:OP,0,0,0,1,3,0
2.2_nohalf,HOH,830,A-152:OP,A-152:C5' A-152:O5' A-152:OP,0,0,0,0,1,0
2.2_nohalf,HOH,831,G-32:OP,G-32:OP,0,0,0,1,2,0
2.2_nohalf,HOH,832,,G-108:O3' C-109:O3' C-109:O5' C-109:OP,0,1,0,0,2,0
2.2_nohalf,HOH,833,,A-308:O2',0,0,0,0,1,0
2.2_nohalf,HOH,834,C-204:OP,C-204:OP,0,0,0,1,2,0
2.2_nohalf,HOH,835,U-221:O2,U-221:O2,0,0,0,0,1,0
2.2_nohalf,HOH,836,,C-217:OP C-217:OP,0,1,0,1,4,0
2.2_nohalf,HOH,837,,U-155:O5' U-155:OP U-156:C5,0,0,0,0,0,0
2.2_nohalf,HOH,838,A-113:N7,G-112:C8 G-112:N7 A-113:N7,0,0,0,0,0,1
2.2_nohalf,HOH,839,G-169:OP,G-169:OP,0,1,0,1,1,1
2.2_nohalf,HOH,840,U-205:OP,U-205:OP G-328:O4',0,0,0,0,3,0
2.2_nohalf,HOH,841,U-202:O4,G-119:O6 G-201:O6 U-202:O4,0,0,0,0,1,0
2.2_nohalf,HOH,842,,U-168:O2',0,0,0,1,1,0
2.2_nohalf,HOH,843,A-139:O3' U-185:O2,A-139:O2' A-139:O3' A-140:OP U-185:O2,0,0,0,0,6,0
2.2_nohalf,HOH,844,A-283:N3,A-283:C2 A-283:N3 C-296:O2,0,0,0,0,0,0
2.2_nohalf,HOH,845,G-360:OP,G-360:OP,0,1,0,3,3,0
2.2_nohalf,HOH,846,,U-156:O4,0,0,0,1,1,0
2.2_nohalf,HOH,847,C-298:OP A-299:OP,C-298:OP A-299:OP,0,0,0,1,1,2
2.2_nohalf,HOH,848,A-248:O2',A-248:O2' G-250:O6 G-251:O6,0,0,0,1,3,0
2.2_nohalf,HOH,849,C-48:OP,C-47:C5' C-47:OP C-48:OP,0,0,0,0,0,1
2.2_nohalf,HOH,850,G-92:O2' G-92:O3',G-92:O2' G-92:O3',0,0,0,0,0,0
2.2_nohalf,HOH,851,A-268:OP,A-268:OP A-268:OP A-268:P,0,1,0,1,3,0
2.2_nohalf,HOH,852,G-275:OP,G-275:OP,0,0,0,1,1,1
2.2_nohalf,HOH,853,U-59:OP,U-59:OP,0,1,0,1,1,0
2.2_nohalf,HOH,854,G-150:O2',G-150:O2' G-150:O3' A-151:N7,0,1,0,0,2,0
2.2_nohalf,HOH,855,,A-299:O3',0,1,0,1,1,0
2.2_nohalf,HOH,856,A-192:N7,G-191:N7 A-192:C5 A-192:N6 A-192:N7,0,0,0,0,1,0
2.2_nohalf,HOH,857,A-30:OP A-31:N7,A-30:O5' A-30:OP A-30:P A-31:N7,0,0,0,0,1,0
2.2_nohalf,HOH,858,G-276:OP,G-276:OP U-277:OP,0,0,0,1,5,0
2.2_nohalf,HOH,859,,A-359:C5' G-360:OP,0,0,0,0,3,0
2.2_nohalf,HOH,860,,C-154:O5' U-155:OP,0,1,0,0,1,0
2.2_nohalf,HOH,861,G-341:O6 G-357:O6,G-341:O6 G-357:O6,0,0,0,0,1,0
2.2_nohalf,HOH,862,C-193:N4,C-193:C5 C-193:N4,0,0,0,0,0,0
2.2_nohalf,HOH,863,A-115:OP,A-115:OP,0,0,0,0,0,0
2.2_nohalf,HOH,864,U-156:OP,U-156:OP,0,0,0,0,0,0
2.2_nohalf,HOH,865,U-271:OP,U-271:O5' U-271:OP,0,0,1,1,3,1
2.2_nohalf,HOH,866,,U-317:O4 C-318:N4,0,0,0,0,0,0
2.2_nohalf,HOH,867,A-308:OP G-309:OP,A-308:OP A-308:OP G-309:OP,0,0,0,2,2,1
2.2_nohalf,HOH,868,U-277:O2',U-277:O2' C-278:O5',0,0,0,0,1,0
2.2_nohalf,HOH,869,A-343:O3',A-343:O3',0,0,0,0,1,0
2.2_nohalf,HOH,870,,C-138:OP,0,1,0,2,3,0
2.2_nohalf,HOH,871,U-185:O4',U-185:O4',0,0,0,0,0,0
2.2_nohalf,HOH,872,,C-208:O2',0,0,0,0,0,0
2.2_nohalf,HOH,873,A-104:OP,A-104:OP,0,0,1,2,5,1
2.2_nohalf,HOH,874,A-115:N7,A-115:N7,0,1,0,1,1,0
2.2_nohalf,HOH,875,U-107:O2,U-107:C1' U-107:O2 U-107:O3' G-108:O4',0,1,0,1,1,0
2.2_nohalf,HOH,876,,U-185:O4,0,0,0,1,1,0
2.2_nohalf,HOH,877,U-61:O2,U-61:O2 G-91:N3,0,1,0,1,1,0
2.2_nohalf,HOH,878,U-221:OP,U-221:OP U-221:P,0,0,0,0,1,0
2.2_nohalf,HOH,879,,G-180:N7,0,0,0,0,1,0
2.2_nohalf,HOH,880,G-194:N7,G-194:N7,0,0,0,0,0,0
2.2_nohalf,HOH,881,A-207:OP,A-207:OP,0,1,0,2,2,0
2.2_nohalf,HOH,882,G-176:O6 U-177:O4,G-163:OP G-176:O6 U-177:O4,0,0,0,0,0,0
2.2_nohalf,HOH,883,A-153:N1 G-250:O2' G-251:O5',A-153:N1 A-153:N6 G-250:O2' G-251:O5',0,0,0,0,1,0
2.2_nohalf,HOH,884,A-42:O3' U-43:OP,A-42:O3' U-43:C5 U-43:OP,0,0,0,0,0,0
2.2_nohalf,HOH,885,A-252:OP,A-252:OP,0,0,0,2,3,0
2.2_nohalf,HOH,886,,U-101:O3',0,0,0,1,1,0
2.2_nohalf,HOH,887,,U-107:C5' U-107:O5',0,0,0,0,0,0
2.2_nohalf,HOH,888,C-93:O3',C-93:O3',0,0,0,0,0,0
2.2_nohalf,HOH,889,C-209:OP C-211:OP,C-209:OP C-211:OP,0,1,0,1,3,0
2.2_nohalf,MG,409,G-257:OP U-258:OP,G-257:OP U-258:OP U-305:OP,1,0,1,0,6,3
2.2_nohalf,MG,410,A-183:OP A-184:OP A-186:OP,A-183:OP A-184:OP A-186:OP,1,0,1,0,6,2
2.2_nohalf,MG,411,A-184:OP A-186:OP A-187:OP,A-184:OP A-186:OP A-187:OP,1,0,1,0,6,3
2.2_nohalf,MG,412,A-301:OP A-302:OP,A-301:OP A-302:OP,1,0,1,0,5,2
2.2_nohalf,MG,413,,G-96:N7,1,0,0,0,0,1
2.2_nohalf,MG,414,,U-182:OP,0,1,0,0,2,0
2.2_nohalf,MG,415,,U-259:OP,1,0,0,0,0,1
2.2_nohalf,MG,416,U-273:OP,A-256:OP U-273:OP,1,0,1,1,5,3
2.2_nohalf,MG,417,A-308:OP,A-308:OP,1,0,0,0,2,1
2.2_nohalf,MG,418,A-304:OP A-306:OP,A-304:OP A-306:OP,1,0,1,0,3,1
2.2_nohalf,MG,419,,U-277:O4,0,0,0,0,0,0
2.2_nohalf,MG,420,,U-168:OP,1,0,0,0,4,1
2.2_nohalf,MG,421,,U-273:OP,1,0,1,1,2,2
2.2_nohalf,MG,422,,C-262:OP,0,1,0,0,2,1
2.2_nohalf,MG,423,,U-106:O2',1,0,0,0,0,1
2.2_nohalf,MG,424,A-97:OP,A-97:OP,1,0,1,0,3,1
2.2_nohalf,MG,425,,G-164:O6,0,1,0,0,1,0
2.2_nohalf,MG,426,,A-28:OP A-95:OP,0,0,0,0,4,0
2.2_nohalf,MG,427,,C-170:OP,0,0,0,0,3,0
2.2_nohalf,MG,428,,A-269:N7,1,0,1,0,0,1
2.2_nohalf,MG,429,A-299:OP,A-299:OP,1,0,2,0,1,2
2.2_nohalf,MG,430,C-255:OP,C-255:OP,1,0,1,0,4,1
2.2_nohalf,MG,431,,C-213:OP,0,1,0,4,5,0
2.2_nohalf,MG,432,,G-272:O6,1,0,0,0,0,1
2.2_nohalf,MG,433,,A-103:OP,0,1,1,0,5,1
2.2_nohalf,MG,434,,A-173:OP,0,1,0,1,1,0
2.2_nohalf,MG,435,,C-109:O2',1,0,1,0,0,1
2.2_nohalf,MG,436,,G-112:N7,1,0,1,0,0,1
2.2_nohalf,MG,437,,A-187:OP,1,0,0,0,2,2
2.2_nohalf,MG,438,,U-33:OP,0,0,0,0,1,0
2.2_nohalf,MG,439,,G-32:N7,0,0,0,0,1,0
2.2_nohalf,MG,440,,G-257:OP,1,0,1,0,3,2
2.2_nohalf,MG,441,,C-255:OP,0,1,1,0,4,1
2.2_nohalf,MG,442,,A-178:N1,1,0,0,0,1,1
2.2_nohalf,MG,443,,A-136:N7,0,0,0,0,0,0
2.2_nohalf,MG,444,,U-271:OP,1,0,1,1,2,1
2.2_nohalf,MG,445,,A-256:OP,1,0,0,3,4,2
2.2_nohalf,MG,446,,G-327:O2',0,0,0,0,0,0
2.2_nohalf,MG,447,,U-56:O4,0,0,0,0,0,0
2.2_nohalf,MG,448,,G-313:O2',1,0,0,0,0,1
2.2_nohalf,MG,449,,U-185:OP,1,0,0,0,1,1
2.2_nohalf,MG,450,A-207:OP,A-207:OP,0,0,0,2,2,0
2.2_nohalf,MG,451,,G-163:O2',0,0,0,0,0,0
2.2_nohalf,MG,452,,U-253:O4,0,0,0,0,0,0
2.2_nohalf,MG,453,,U-224:O4,0,0,0,0,1,0
2.2_nohalf,MG,454,,C-260:OP,0,1,0,2,3,1
2.2_nohalf,MG,455,,A-304:OP,0,0,0,0,2,1
2.2_nohalf,MG,456,,A-301:OP,0,1,0,2,4,1
2.2_nohalf,MG,457,,G-358:O6,0,1,0,0,1,0
2.2_nohalf,MG,458,,A-146:N7,0,0,0,0,0,0
2.2_nohalf,MG,459,,G-275:O2',1,0,0,0,0,1
2.2_nohalf,MG,460,,U-107:OP,1,0,0,0,0,1
2.2_nohalf,MG,461,,A-140:O2',0,0,0,1,4,0
2.2_nohalf,MG,462,,U-307:O2',0,1,0,0,1,0
2.2_nohalf,MG,463,,A-314:OP,1,0,0,0,0,1
2.2_nohalf,MG,464,,C-60:OP,0,1,0,3,5,0
2.2_nohalf,MG,465,,A-105:OP,0,0,0,2,3,0
2.2_nohalf,MG,466,,A-270:N1,0,0,0,0,0,0
2.2_nohalf,MG,467,,G-111:OP,0,0,0,2,3,0
2.2_nohalf,MG,468,,U-142:O4,0,1,0,1,1,0
2.2_nohalf,MG,469,,G-280:OP,0,1,0,1,2,1
2.2_nohalf,MG,470,A-57:OP,A-57:OP,0,0,0,1,2,0
2.2_nohalf,MG,471,,C-47:O2',0,0,0,0,0,0
2.2_nohalf,MG,472,,U-267:OP,0,0,0,3,4,0
2.2_nohalf,MG,473,,A-270:OP,0,0,0,0,2,0
2.2_nohalf,MG,474,C-109:OP,C-109:OP,0,0,0,1,1,0
2.2_nohalf,MG,475,,U-155:O2',0,0,0,0,0,0
2.2_nohalf,MG,476,C-154:OP,C-154:OP,1,0,0,1,2,1
2.2_nohalf,MG,477,,U-205:OP,0,0,0,0,3,0
2.2_nohalf,MG,478,,U-106:OP,1,0,1,0,1,2
2.2_nohalf,MG,479,,C-209:O2',1,0,0,0,0,1
2.2_nohalf,MG,480,G-328:OP,G-328:OP,1,0,1,0,0,2
2.2_nohalf,MG,481,,A-133:N3,0,0,0,0,0,0
