model,solvent,residue_number,close_binding_site,binding_site,within 1A of mg in 2.3_5_0.8,within 1A of wat in 2.3_5_0.8,exact binding spot of mg in 2.3_5_0.8,exact binding spot of wat in 2.3_5_0.8,atom binding of wat in 2.3_5_0.8,atom binding of mg in 2.3_5_0.8
2.2_5_0.8,HOH,432,A-270:O4' A-304:N6,A-269:C1' A-269:N3 A-270:C8 A-270:O4' A-304:N6,0,1,0,1,1,0
2.2_5_0.8,HOH,433,A-218:N6 G-254:O2' C-255:O4' U-273:O2' U-273:O3',A-218:N6 G-254:O2' C-255:N1 C-255:O4' U-273:O2' U-273:O3',0,1,0,1,1,0
2.2_5_0.8,HOH,434,G-279:O6 G-280:N7 G-280:O6,G-279:O6 G-280:N7 G-280:O6,0,1,0,1,1,0
2.2_5_0.8,HOH,435,A-105:O2' G-215:N2 U-258:O2 U-258:O2',A-105:O2' U-106:C4' U-106:O4' G-215:N2 C-216:O2 U-258:O2 U-258:O2',0,1,0,1,2,0
2.2_5_0.8,HOH,436,C-255:N3 G-272:N2,A-104:N1 A-218:N1 C-255:N3 C-255:O2 G-272:N2,0,1,0,0,2,0
2.2_5_0.8,HOH,437,G-108:N7 U-259:O2' U-259:O3',G-108:N7 U-259:C3' U-259:C4' U-259:O2' U-259:O3',0,1,0,0,1,0
2.2_5_0.8,HOH,438,A-103:N7,C-102:C5 A-103:C8 A-103:N7 A-269:C2' A-269:C8 A-269:OP,0,1,0,1,1,0
2.2_5_0.8,HOH,439,U-307:O4,A-306:C2 A-306:C4 A-306:N3 U-307:C4 U-307:O4,0,1,0,1,3,0
2.2_5_0.8,HOH,440,,C-98:N4 U-300:C2 U-300:N3,0,1,0,0,1,0
2.2_5_0.8,HOH,441,A-306:N3 A-308:N6,A-306:N3 A-308:N6 A-308:N7,0,1,0,1,1,0
2.2_5_0.8,HOH,442,C-217:N4 C-255:OP G-257:O6,C-217:N4 C-255:OP G-257:C6 G-257:O6,0,1,0,1,5,1
2.2_5_0.8,HOH,443,G-279:N7,C-278:C5 G-279:N7,0,1,0,1,1,0
2.2_5_0.8,HOH,444,A-302:OP G-303:OP,A-256:C2 A-256:N1 A-302:OP G-303:OP,1,0,0,0,1,2
2.2_5_0.8,HOH,445,A-104:N6 G-257:O2',A-104:N6 G-257:C4' G-257:O2' A-270:N6,0,0,0,0,1,0
2.2_5_0.8,HOH,446,A-186:OP,U-185:C4' A-186:C5' A-186:OP,0,1,0,1,2,2
2.2_5_0.8,HOH,447,A-214:N7,C-213:C5 C-213:N4 A-214:N6 A-214:N7,0,1,0,1,1,0
2.2_5_0.8,HOH,448,C-99:N4,C-99:C5 C-99:N4,0,1,0,0,2,0
2.2_5_0.8,HOH,449,U-258:OP A-261:OP,U-258:OP A-261:OP,0,1,0,1,1,1
2.2_5_0.8,HOH,450,G-100:N7,C-99:N4 G-100:N7,0,1,0,1,2,0
2.2_5_0.8,HOH,451,U-271:O2 G-303:O5' G-303:OP,U-271:O2 G-303:C2' G-303:N3 G-303:O5' G-303:OP,0,1,0,1,2,0
2.2_5_0.8,HOH,452,A-103:N3 A-104:N7 A-269:N6,A-103:N3 A-104:N7 A-105:N6 A-269:N6,0,1,0,1,2,0
2.2_5_0.8,HOH,453,U-267:O4 A-306:N1,U-267:O4 A-306:C2 A-306:N1,0,1,0,1,1,0
2.2_5_0.8,HOH,454,G-309:N2 A-342:N3 A-342:O2',G-309:N2 A-342:C2' A-342:N3 A-342:O2',0,1,0,1,1,0
2.2_5_0.8,HOH,455,U-259:N3 U-259:O2,U-259:C2 U-259:N3 U-259:O2,0,1,0,1,1,0
2.2_5_0.8,HOH,456,G-215:O6,G-215:O6 C-216:N4,0,0,0,0,1,0
2.2_5_0.8,HOH,457,U-106:O2,U-106:O2,0,1,0,1,1,0
2.2_5_0.8,HOH,458,A-219:N3 U-273:O2,A-219:N3 U-273:O2,0,1,0,1,1,0
2.2_5_0.8,HOH,459,C-255:O2' G-257:OP,C-255:O2' A-256:C5' G-257:OP,0,1,0,1,2,1
2.2_5_0.8,HOH,460,A-269:N6,A-268:N6 A-268:N7 A-269:N6,0,1,0,0,2,0
2.2_5_0.8,HOH,461,U-168:OP A-183:N6,U-168:OP A-183:N6,0,1,0,1,4,0
2.2_5_0.8,HOH,462,A-184:N6,A-184:N6,0,0,0,0,2,0
2.2_5_0.8,HOH,463,G-100:O6 U-273:O4,G-100:O6 U-101:O4 U-273:O4,0,1,0,1,3,0
2.2_5_0.8,HOH,464,U-273:OP,U-273:OP C-274:N4,0,1,1,1,1,1
2.2_5_0.8,HOH,465,U-167:N3 A-171:N3 A-171:O2' A-173:N6 G-174:O6,U-167:N3 A-171:N3 A-171:O2' A-173:N6 G-174:O6,0,1,0,1,2,0
2.2_5_0.8,HOH,466,U-271:O2 U-271:O2' G-272:O4' A-304:O2',U-271:O2 U-271:O2' G-272:O4' A-304:O2',0,1,0,1,2,0
2.2_5_0.8,HOH,467,G-215:O5' C-216:OP,G-215:O5' G-215:OP C-216:C5 C-216:OP,0,1,0,1,4,0
2.2_5_0.8,HOH,468,U-300:OP,A-256:N6 U-300:OP U-300:OP,0,0,1,0,0,1
2.2_5_0.8,HOH,469,C-102:N4,U-101:C5 C-102:N4,0,1,0,1,1,0
2.2_5_0.8,HOH,470,C-260:O2,C-260:O2 U-305:O5',0,1,0,1,1,0
2.2_5_0.8,HOH,471,G-303:O2' G-303:O3',G-303:O2' G-303:O3' A-304:OP,0,1,0,1,3,1
2.2_5_0.8,HOH,472,U-277:OP C-278:OP,U-277:C6 U-277:O5' U-277:OP C-278:OP,0,0,0,0,0,0
2.2_5_0.8,HOH,473,A-103:OP A-218:O2' A-218:O3',A-103:OP A-218:O2' A-218:O3',0,1,0,1,1,0
2.2_5_0.8,HOH,474,,U-167:O3',0,1,0,0,2,0
2.2_5_0.8,HOH,475,A-261:OP G-264:OP,C-260:C5' A-261:C5' A-261:OP G-264:OP,0,0,0,0,1,0
2.2_5_0.8,HOH,476,G-254:O2' C-274:OP,G-254:O2' C-274:OP,0,0,0,0,2,0
2.2_5_0.8,HOH,477,C-166:N4 U-167:O2 A-171:O2',C-166:C5 C-166:N4 U-167:O2 A-171:O2',0,1,0,1,2,0
2.2_5_0.8,HOH,478,A-219:OP G-220:N7,A-219:OP G-220:N7,0,1,0,1,2,0
2.2_5_0.8,HOH,479,G-164:N7 U-177:O2',G-164:C5 G-164:N7 U-177:O2' G-180:N3,0,0,0,0,0,0
2.2_5_0.8,HOH,480,A-252:N3,C-222:O2 A-252:N3,0,0,0,0,0,0
2.2_5_0.8,HOH,481,A-171:N6,U-167:C5' A-171:N6,0,1,0,1,1,0
2.2_5_0.8,HOH,482,G-108:N3 U-185:OP,G-108:N3 U-185:OP U-185:OP,0,1,0,1,1,0
2.2_5_0.8,HOH,483,C-165:OP,C-165:OP,0,0,0,0,2,0
2.2_5_0.8,HOH,484,G-176:O2' G-180:O2',C-165:O2 G-176:N3 G-176:O2' G-180:O2',0,0,0,0,0,0
2.2_5_0.8,HOH,485,C-260:OP,U-259:O3' C-260:OP C-260:P,0,0,0,0,1,0
2.2_5_0.8,HOH,486,G-215:N2,U-107:O4' G-215:N2,0,1,0,1,3,0
2.2_5_0.8,HOH,487,G-264:O2',A-263:N1 G-264:C2' G-264:N3 G-264:O2' A-265:O4',0,1,0,1,1,0
2.2_5_0.8,HOH,488,G-220:O2' G-220:O3' C-274:O2',G-220:C4' G-220:O2' G-220:O3' C-274:O2' G-275:O5',0,1,0,1,1,0
2.2_5_0.8,HOH,489,A-256:OP,A-256:OP A-256:P,0,0,0,1,1,1
2.2_5_0.8,HOH,490,C-216:N4,C-216:C4 C-216:C5 C-216:N4,0,1,0,1,2,0
2.2_5_0.8,HOH,491,C-278:N4,C-278:N4,0,0,0,0,0,0
2.2_5_0.8,HOH,492,U-267:O2,U-267:O2 G-309:N3,0,0,0,0,0,0
2.2_5_0.8,HOH,493,A-140:O2',A-140:O2' A-214:C5' A-214:OP,0,1,0,1,4,0
2.2_5_0.8,HOH,494,G-111:O3' U-168:O4,G-111:O3' U-168:C4 U-168:O4 G-188:N2,0,0,0,0,0,0
2.2_5_0.8,HOH,495,G-279:O2' G-279:O3',G-58:C4' G-58:C5' A-95:N6 G-279:O2' G-279:O3' G-280:C5',0,0,0,0,0,0
2.2_5_0.8,HOH,496,A-301:OP,U-271:C5' A-301:OP,0,1,0,1,2,1
2.2_5_0.8,HOH,497,G-257:N7,G-257:N7,0,1,0,1,1,0
2.2_5_0.8,HOH,498,U-305:O2,U-305:O2,0,0,0,0,0,0
2.2_5_0.8,HOH,499,U-305:N3,U-305:N3 U-305:O2,0,0,0,0,0,0
2.2_5_0.8,HOH,500,A-152:OP,G-150:N7 A-152:OP,0,0,0,0,0,0
2.2_5_0.8,HOH,501,G-220:N2 U-253:O2',G-220:N2 U-221:O2 U-253:O2 U-253:O2',0,0,0,0,0,0
2.2_5_0.8,HOH,502,C-274:O2',C-274:O2 C-274:O2',0,0,0,0,1,0
2.2_5_0.8,HOH,503,A-268:N3 A-268:O2',A-268:N3 A-268:O2',0,1,0,1,1,0
2.2_5_0.8,HOH,504,C-166:OP U-182:OP,C-166:OP U-182:OP,0,0,0,0,3,0
2.2_5_0.8,HOH,505,G-254:OP,G-254:OP,0,1,0,1,2,0
2.2_5_0.8,HOH,506,,A-103:OP,0,0,0,0,1,0
2.2_5_0.8,HOH,507,U-107:OP,U-107:OP,1,0,0,0,0,1
2.2_5_0.8,HOH,508,C-204:O5' C-204:OP U-205:OP A-206:N6,C-204:O5' C-204:OP U-205:C5 U-205:OP A-206:N6,0,1,0,0,2,0
2.2_5_0.8,HOH,509,U-101:OP,U-101:OP,0,0,0,0,1,0
2.2_5_0.8,HOH,510,G-188:OP,A-184:C5' A-184:OP G-188:OP,0,1,0,1,2,2
2.2_5_0.8,HOH,511,,G-309:C8 U-310:OP,0,1,0,0,2,0
2.2_5_0.8,HOH,512,U-167:OP,U-167:C5' U-167:OP,0,0,0,0,1,0
2.2_5_0.8,HOH,513,,A-31:C4' A-301:O4',0,1,0,0,1,0
2.2_5_0.8,HOH,514,C-204:O2 C-204:O2',C-204:O2 C-204:O2' G-327:C4',0,1,0,1,1,0
2.2_5_0.8,HOH,515,,U-295:C5 C-296:N4,0,0,0,0,0,0
2.2_5_0.8,HOH,516,G-312:O2',G-312:O2' G-360:O3',0,0,0,0,0,0
2.2_5_0.8,HOH,517,A-140:N3 A-140:O2',A-140:N3 A-140:O2' G-141:O4',0,1,0,0,3,0
2.2_5_0.8,HOH,518,U-307:O2',U-307:O2 U-307:O2',0,1,0,1,2,0
2.2_5_0.8,HOH,519,A-265:OP,A-265:OP,0,0,0,1,1,0
2.2_5_0.8,HOH,520,,G-264:N2 G-360:C5',0,0,0,0,0,0
2.2_5_0.8,HOH,521,,G-27:O3' A-94:OP,0,0,0,0,1,0
2.2_5_0.8,HOH,522,A-219:OP,A-219:OP,0,0,0,0,2,0
2.2_5_0.8,HOH,523,U-205:O4,C-204:C5 U-205:O4,0,0,0,0,0,0
2.2_5_0.8,HOH,524,U-221:OP C-222:OP,U-221:O5' U-221:OP C-222:C5 C-222:OP,0,0,0,0,0,0
2.2_5_0.8,HOH,525,G-215:OP,G-215:OP,0,1,0,1,3,0
2.2_5_0.8,HOH,526,G-195:N2,G-195:N2,0,0,0,0,0,0
2.2_5_0.8,HOH,527,,U-297:O2',0,0,0,0,1,0
2.2_5_0.8,HOH,528,C-47:O3' A-210:O4',C-47:O3' A-210:O4',0,0,0,0,0,0
2.2_5_0.8,HOH,529,U-205:OP A-206:OP,U-205:OP U-205:P A-206:OP,0,1,0,1,2,0
2.2_5_0.8,HOH,530,G-313:N2,G-313:N1 G-313:N2,0,0,0,0,0,0
2.2_5_0.8,HOH,531,U-59:OP,U-59:OP G-279:C5',0,0,0,0,0,0
2.2_5_0.8,HOH,532,G-92:O2' G-92:O3',G-92:O2' G-92:O3',0,0,0,0,0,0
2.2_5_0.8,HOH,533,G-150:O2',G-150:O2' G-150:O3' A-151:N7,0,0,0,0,1,0
2.2_5_0.8,HOH,534,A-30:OP A-31:N7,A-30:O5' A-30:OP A-30:P A-31:N7,0,0,0,0,0,0
2.2_5_0.8,HOH,535,G-341:O6 G-357:O6,G-341:O6 G-357:O6,0,0,0,0,1,0
2.2_5_0.8,HOH,536,C-193:N4,C-193:C5 C-193:N4,0,0,0,0,0,0
2.2_5_0.8,HOH,537,A-115:OP,A-115:OP,0,0,0,0,0,0
2.2_5_0.8,HOH,538,U-277:O2',U-277:O2' C-278:O5',0,0,0,0,1,0
2.2_5_0.8,HOH,539,U-185:O4',U-185:O4',0,0,0,0,0,0
2.2_5_0.8,HOH,540,,C-208:O2',0,0,0,0,0,0
2.2_5_0.8,HOH,541,A-104:OP,A-104:OP,0,0,1,0,0,1
2.2_5_0.8,MG,409,G-257:OP U-258:OP,G-257:OP U-258:OP U-305:OP,1,0,1,0,4,2
2.2_5_0.8,MG,410,A-183:OP A-184:OP A-186:OP,A-183:OP A-184:OP A-186:OP,1,0,1,0,4,2
2.2_5_0.8,MG,411,A-184:OP A-186:OP A-187:OP,A-184:OP A-186:OP A-187:OP,1,0,1,0,4,2
2.2_5_0.8,MG,412,A-301:OP A-302:OP,A-301:OP A-302:OP,1,0,1,0,2,2
2.2_5_0.8,MG,413,C-166:OP,C-166:OP,0,1,0,1,3,0
2.2_5_0.8,MG,414,U-273:OP,A-256:OP U-273:OP,1,0,1,1,2,1
2.2_5_0.8,MG,415,A-308:OP,A-308:OP,1,0,0,0,0,1
2.2_5_0.8,MG,416,A-304:OP A-306:OP,A-304:OP A-306:OP,1,0,1,0,3,1
2.2_5_0.8,MG,417,,U-277:O4,0,0,0,0,0,0
2.2_5_0.8,MG,418,,C-262:OP,0,1,0,0,1,0
2.2_5_0.8,MG,419,,C-170:OP,0,0,0,0,0,0
2.2_5_0.8,MG,420,C-255:OP,C-255:OP,1,0,1,0,4,1
2.2_5_0.8,MG,421,,C-213:OP,0,1,0,1,2,0
2.2_5_0.8,MG,422,,A-187:OP,0,0,0,0,2,1
2.2_5_0.8,MG,423,,U-33:OP,0,0,0,0,1,0
2.2_5_0.8,MG,424,,C-255:OP,0,1,1,0,4,1
2.2_5_0.8,MG,425,,A-178:N1,1,0,0,0,0,1
2.2_5_0.8,MG,426,,U-56:O4,0,0,0,0,0,0
2.2_5_0.8,MG,427,,G-313:O2',0,0,0,0,0,0
2.2_5_0.8,MG,428,A-207:OP,A-207:OP,0,0,0,0,0,0
2.2_5_0.8,MG,429,,G-275:O2',1,0,0,0,0,1
2.2_5_0.8,MG,430,,C-60:OP,0,1,0,1,2,0
2.2_5_0.8,MG,431,,U-155:O2',0,0,0,0,0,0
